{
  "collabMessagesAdd.defs.ts": [],
  "collabMessagesAdd.test.ts": [
    "./_100554_tsTestAST"
  ],
  "collabMessagesAdd.ts": [
    "lit",
    "lit/decorators.js",
    "/_100554_/stateLitElement.js",
    "/_100554_/aiAgentHelper.js",
    "/_100554_/aiAgentBase.js",
    "/_102025_/collabMessagesIndexedDB.js",
    "/_102025_/collabMessagesHelper.js",
    "/_102025_/collabMessagesInputTag.js",
    "/_102025_/collabMessagesInputTag.js"
  ],
  "collabMessagesAddParticipant.defs.ts": [],
  "collabMessagesAddParticipant.test.ts": [
    "./_100554_tsTestAST"
  ],
  "collabMessagesAddParticipant.ts": [
    "lit",
    "lit/decorators.js",
    "/_100554_/stateLitElement.js",
    "/_102025_/collabMessagesIndexedDB.js",
    "/_100554_/aiAgentHelper.js"
  ],
  "collabMessagesAvatar.defs.ts": [],
  "collabMessagesAvatar.test.ts": [
    "./_100554_tsTestAST"
  ],
  "collabMessagesAvatar.ts": [
    "lit",
    "lit/decorators.js",
    "/_100554_/stateLitElement.js",
    "/_102025_/collabMessagesIcons.js"
  ],
  "collabMessagesChangeAvatar.defs.ts": [],
  "collabMessagesChangeAvatar.test.ts": [
    "./_100554_tsTestAST"
  ],
  "collabMessagesChangeAvatar.ts": [
    "lit",
    "lit/decorators.js",
    "/_100554_/stateLitElement.js",
    "/_100554_/aiAgentBase.js",
    "/_100554_/aiAgentHelper.js",
    "/_102025_/collabMessagesHelper.js"
  ],
  "collabMessagesChat.defs.ts": [],
  "collabMessagesChat.test.ts": [
    "./_100554_tsTestAST"
  ],
  "collabMessagesChat.ts": [
    "lit",
    "lit/decorators.js",
    "/_102025_/collabMessagesIcons.js",
    "/_102025_/collabMessagesSyncNotifications.js",
    "/_100554_/libCommom.js",
    "/_100554_/collabInit.js",
    "/_100554_/aiAgentHelper.js",
    "/_102025_/collabMessagesIndexedDB.js",
    "/_102025_/collabMessagesHelper.js",
    "/_102025_/collabMessagesTaskInfo.js",
    "/_102025_/collabMessagesTask.js",
    "/_102025_/collabMessagesTopics.js",
    "/_102025_/collabMessagesPrompt.js",
    "/_102025_/collabMessagesAvatar.js",
    "/_102025_/collabMessagesThreadDetails.js",
    "/_102025_/collabMessagesRichPreview.js",
    "/_102025_/collabMessagesUserModal.js",
    "/_102025_/collabMessagesThreadModal.js",
    "/_102025_/collabMessagesFilter.js",
    "/_102025_/collabMessagesAdd.js",
    "/_102025_/collabMessagesHelper.js",
    "/_102025_/collabMessagesPrompt.js",
    "/_100554_/aiAgentBase.js",
    "/_100554_/stateLitElement.js"
  ],
  "collabMessagesEmojis.defs.ts": [],
  "collabMessagesEmojis.test.ts": [
    "./_100554_tsTestAST"
  ],
  "collabMessagesEmojis.ts": [],
  "collabMessagesFilter.defs.ts": [],
  "collabMessagesFilter.test.ts": [
    "./_100554_tsTestAST"
  ],
  "collabMessagesFilter.ts": [
    "lit",
    "lit/decorators.js",
    "/_100554_/stateLitElement.js",
    "/_102025_/collabMessagesIcons.js"
  ],
  "collabMessagesFindtask.defs.ts": [],
  "collabMessagesFindtask.test.ts": [
    "./_100554_tsTestAST"
  ],
  "collabMessagesFindtask.ts": [
    "lit",
    "lit/decorators.js",
    "/_100554_/stateLitElement.js",
    "/_100554_/serviceBase.js",
    "/_102025_/collabMessagesHelper.js",
    "/_102025_/collabMessagesTaskDetails.js"
  ],
  "collabMessagesHelper.defs.ts": [],
  "collabMessagesHelper.test.ts": [
    "./_100554_tsTestAST"
  ],
  "collabMessagesHelper.ts": [
    "/_100554_/aiAgentHelper.js",
    "/_102025_collabMessagesIndexedDB.js"
  ],
  "collabMessagesIcons.defs.ts": [],
  "collabMessagesIcons.test.ts": [
    "./_100554_tsTestAST"
  ],
  "collabMessagesIcons.ts": [
    "lit"
  ],
  "collabMessagesIndexedDB.defs.ts": [],
  "collabMessagesIndexedDB.test.ts": [
    "./_100554_tsTestAST"
  ],
  "collabMessagesIndexedDB.ts": [],
  "collabMessagesInputTag.defs.ts": [],
  "collabMessagesInputTag.test.ts": [
    "./_100554_tsTestAST"
  ],
  "collabMessagesInputTag.ts": [
    "lit",
    "lit/decorators.js",
    "/_100554_/stateLitElement.js"
  ],
  "collabMessagesPrompt.defs.ts": [],
  "collabMessagesPrompt.test.ts": [
    "./_100554_tsTestAST"
  ],
  "collabMessagesPrompt.ts": [
    "lit",
    "lit/decorators.js",
    "/_100554_/stateLitElement.js",
    "/_100554_/aiAgentBase.js",
    "/_102025_/collabMessagesIcons.js",
    "/_102025_/collabMessagesIndexedDB.js",
    "/_102025_/collabMessagesEmojis.js",
    "/_102025_/collabMessagesAvatar.js"
  ],
  "collabMessagesRichPreview.defs.ts": [],
  "collabMessagesRichPreview.test.ts": [
    "./_100554_tsTestAST"
  ],
  "collabMessagesRichPreview.ts": [
    "lit",
    "lit/decorators.js",
    "/_100554_/stateLitElement.js",
    "/_102025_/collabMessagesTextCode.js"
  ],
  "collabMessagesSettings.defs.ts": [],
  "collabMessagesSettings.test.ts": [
    "./_100554_tsTestAST"
  ],
  "collabMessagesSettings.ts": [
    "lit",
    "lit/decorators.js",
    "/_100554_/stateLitElement.js",
    "/_102025_/collabMessagesIndexedDB.js",
    "/_100554_/serviceBase.js",
    "/_102025_/collabMessagesHelper.js",
    "/_102025_/collabMessagesHelper.js",
    "/_102025_/collabMessagesIcons.js"
  ],
  "collabMessagesSyncNotifications.defs.ts": [],
  "collabMessagesSyncNotifications.test.ts": [
    "./_100554_tsTestAST"
  ],
  "collabMessagesSyncNotifications.ts": [
    "/_102025_/collabMessagesHelper.js",
    "/_102025_/collabMessagesIndexedDB.js",
    "/_100554_/aiAgentHelper.js",
    "/_100554_/collabInit.js"
  ],
  "collabMessagesTask.defs.ts": [],
  "collabMessagesTask.test.ts": [
    "./_100554_tsTestAST"
  ],
  "collabMessagesTask.ts": [
    "lit",
    "lit/decorators.js",
    "/_100554_/stateLitElement.js",
    "/_100554_/aiAgentHelper.js",
    "/_100554_/aiAgentOrchestration.js",
    "/_102025_/collabMessagesIndexedDB.js",
    "/_102025_/collabMessagesIcons.js"
  ],
  "collabMessagesTaskDetails.defs.ts": [],
  "collabMessagesTaskDetails.test.ts": [
    "./_100554_tsTestAST"
  ],
  "collabMessagesTaskDetails.ts": [
    "lit",
    "lit/decorators.js",
    "/_100554_/stateLitElement.js",
    "/_100554_/aiAgentHelper.js",
    "/_100554_/aiAgentOrchestration.js",
    "/_102025_/collabMessagesIcons.js",
    "/_100554_/aiAgentBase.js"
  ],
  "collabMessagesTaskInfo.defs.ts": [],
  "collabMessagesTaskInfo.test.ts": [
    "./_100554_tsTestAST"
  ],
  "collabMessagesTaskInfo.ts": [
    "lit",
    "lit/decorators.js",
    "/_100554_/stateLitElement.js",
    "/_100554_/aiAgentOrchestration.js",
    "/_100554_/aiAgentHelper.js",
    "/_102025_/collabMessagesTaskDetails.js",
    "/_102025_/collabMessagesTaskPreview.js",
    "/_102025_/collabMessagesTaskLogPreview.js"
  ],
  "collabMessagesTaskLogPreview.defs.ts": [],
  "collabMessagesTaskLogPreview.test.ts": [
    "./_100554_tsTestAST"
  ],
  "collabMessagesTaskLogPreview.ts": [
    "lit",
    "lit/decorators.js",
    "/_100554_/stateLitElement.js",
    "/_100554_/aiAgentHelper.js",
    "/_100554_/aiAgentBase.js",
    "/_100554_/aiAgentOrchestration.js"
  ],
  "collabMessagesTaskPreview.defs.ts": [],
  "collabMessagesTaskPreview.test.ts": [
    "./_100554_tsTestAST"
  ],
  "collabMessagesTaskPreview.ts": [
    "lit",
    "lit/decorators.js",
    "/_100554_/aiAgentHelper.js",
    "/_100554_/collabLitElement.js",
    "/_102025_/collabMessagesTaskPreviewAgent.js",
    "/_102025_/collabMessagesTaskPreviewClarification.js",
    "/_102025_/collabMessagesTaskPreviewFlexible.js",
    "/_102025_/collabMessagesTaskPreviewTools.js",
    "/_102025_/collabMessagesTaskPreviewResult.js"
  ],
  "collabMessagesTaskPreviewAgent.defs.ts": [],
  "collabMessagesTaskPreviewAgent.test.ts": [
    "./_100554_tsTestAST"
  ],
  "collabMessagesTaskPreviewAgent.ts": [
    "lit",
    "lit/decorators.js",
    "/_100554_/collabLitElement.js",
    "/_100554_/aiAgentBase.js",
    "/_100554_/aiAgentHelper.js"
  ],
  "collabMessagesTaskPreviewClarification.defs.ts": [],
  "collabMessagesTaskPreviewClarification.test.ts": [
    "./_100554_tsTestAST"
  ],
  "collabMessagesTaskPreviewClarification.ts": [
    "lit",
    "lit/decorators.js",
    "/_100554_/collabLitElement.js",
    "/_100554_/aiAgentHelper.js"
  ],
  "collabMessagesTaskPreviewFlexible.defs.ts": [],
  "collabMessagesTaskPreviewFlexible.test.ts": [
    "./_100554_tsTestAST"
  ],
  "collabMessagesTaskPreviewFlexible.ts": [
    "lit",
    "lit/decorators.js",
    "/_100554_/collabLitElement.js"
  ],
  "collabMessagesTaskPreviewResult.defs.ts": [],
  "collabMessagesTaskPreviewResult.test.ts": [
    "./_100554_tsTestAST"
  ],
  "collabMessagesTaskPreviewResult.ts": [
    "lit",
    "lit/decorators.js",
    "/_100554_/collabLitElement.js"
  ],
  "collabMessagesTaskPreviewTools.defs.ts": [],
  "collabMessagesTaskPreviewTools.test.ts": [
    "./_100554_tsTestAST"
  ],
  "collabMessagesTaskPreviewTools.ts": [
    "lit",
    "lit/decorators.js",
    "/_100554_/collabLitElement.js"
  ],
  "collabMessagesTasks.defs.ts": [],
  "collabMessagesTasks.test.ts": [
    "./_100554_tsTestAST"
  ],
  "collabMessagesTasks.ts": [
    "lit",
    "lit/decorators.js",
    "/_100554_/stateLitElement.js",
    "/_102025_/collabMessagesIcons.js"
  ],
  "collabMessagesTests.defs.ts": [],
  "collabMessagesTests.test.ts": [
    "./_100554_tsTestAST"
  ],
  "collabMessagesTests.ts": [
    "lit",
    "lit/decorators.js",
    "_100554_/l2/stateLitElement"
  ],
  "collabMessagesTextCode.defs.ts": [],
  "collabMessagesTextCode.test.ts": [
    "./_100554_tsTestAST"
  ],
  "collabMessagesTextCode.ts": [
    "lit",
    "lit/decorators.js",
    "/_100554_/stateLitElement.js"
  ],
  "collabMessagesThreadDetails.defs.ts": [],
  "collabMessagesThreadDetails.test.ts": [
    "./_100554_tsTestAST"
  ],
  "collabMessagesThreadDetails.ts": [
    "lit",
    "lit/decorators.js",
    "/_102025_/collabMessagesIndexedDB.js",
    "/_102025_/collabMessagesIcons.js",
    "/_100554_/aiAgentHelper.js",
    "/_100554_/stateLitElement.js",
    "/_102025_/collabMessagesHelper.js",
    "/_102025_/collabMessagesInputTag.js",
    "/_102025_collabMessagesAddParticipant.js",
    "/_102025_/collabMessagesChangeAvatar.js"
  ],
  "collabMessagesThreadModal.defs.ts": [],
  "collabMessagesThreadModal.test.ts": [
    "./_100554_tsTestAST"
  ],
  "collabMessagesThreadModal.ts": [
    "lit",
    "lit/decorators.js",
    "/_100554_/stateLitElement.js",
    "/_102025_/collabMessagesIcons.js",
    "/_100554_/libCommom.js",
    "/_100554_/aiAgentHelper.js",
    "/_102025_/collabMessagesAvatar.js"
  ],
  "collabMessagesTopics.defs.ts": [],
  "collabMessagesTopics.test.ts": [
    "./_100554_tsTestAST"
  ],
  "collabMessagesTopics.ts": [
    "lit",
    "lit/decorators.js",
    "/_100554_/stateLitElement.js",
    "/_102025_/collabMessagesIcons.js"
  ],
  "collabMessagesUserModal.defs.ts": [],
  "collabMessagesUserModal.test.ts": [
    "./_100554_tsTestAST"
  ],
  "collabMessagesUserModal.ts": [
    "lit",
    "lit/decorators.js",
    "/_100554_/stateLitElement.js",
    "/_102025_/collabMessagesIcons.js",
    "/_102025_/collabMessagesHelper.js"
  ],
  "designSystem.defs.ts": [],
  "designSystem.test.ts": [
    "./_100554_tsTestAST"
  ],
  "designSystem.ts": [
    "./_100554_designSystemBase"
  ],
  "project.defs.ts": [],
  "project.test.ts": [
    "./_100554_tsTestAST"
  ],
  "project.ts": [],
  "serviceCollabMessages.defs.ts": [],
  "serviceCollabMessages.test.ts": [
    "./_100554_tsTestAST"
  ],
  "serviceCollabMessages.ts": [
    "lit",
    "lit/decorators.js",
    "/_100554_coachMarks",
    "/_102025_collabMessagesIndexedDB",
    "./_102025_collabMessagesHelper",
    "/_100554_libCommom",
    "/_102025_collabMessagesSyncNotifications",
    "/_100554_serviceBase",
    "/_102025_collabMessagesHelper",
    "/_100554_collabInit",
    "/_102025_collabMessagesIcons",
    "/_102025_collabMessagesAdd",
    "/_102025_collabMessagesChat",
    "/_102025_collabMessagesTasks",
    "/_102025_collabMessagesSettings",
    "/_102025_collabMessagesFindtask"
  ]
}