{
  "lastModified": "2026-01-28T11:55:02.035Z",
  "files": [
    {
      "shortPath": "l0/README.md",
      "versionRef": "f78c8fd180a7cd876fd0e37b597b4479dcf4aaf4",
      "Length": 14,
      "update_at": "2025-12-01T14:47:25.000Z"
    },
    {
      "shortPath": "l2/agents/agentGenerateAvatarSvg.defs.ts",
      "versionRef": "65a9bdd3f19fae19eb7c2c48f9af0b1baaabbdd2",
      "Length": 102,
      "update_at": "2025-12-03T19:22:15.000Z"
    },
    {
      "shortPath": "l2/agents/agentGenerateAvatarSvg.html",
      "versionRef": "5a5ee97bb1857dc8f06af998074e7c7f3dba2779",
      "Length": 2523,
      "update_at": "2025-12-03T19:22:16.000Z"
    },
    {
      "shortPath": "l2/agents/agentGenerateAvatarSvg.less",
      "versionRef": "ab96b3164a91a42e8edca65725dfc2a479d467fd",
      "Length": 180,
      "update_at": "2025-12-03T19:22:17.000Z"
    },
    {
      "shortPath": "l2/agents/agentGenerateAvatarSvg.test.ts",
      "versionRef": "343d7b3a0f7958a8751ee59a54482624a4268dbd",
      "Length": 270,
      "update_at": "2025-12-03T19:22:17.000Z"
    },
    {
      "shortPath": "l2/agents/agentGenerateAvatarSvg.ts",
      "versionRef": "08d59a6a1f580afc2e0f53d280a21299c72f68e9",
      "Length": 3216,
      "update_at": "2025-12-05T14:08:23.000Z"
    },
    {
      "shortPath": "l2/collabMessagesAdd.defs.ts",
      "versionRef": "a042256e8e2ac0951a8063ed3ebd3f628f93e6dc",
      "Length": 92,
      "update_at": "2025-12-04T19:39:51.000Z"
    },
    {
      "shortPath": "l2/collabMessagesAdd.html",
      "versionRef": "deacba31bb6d2ce3e6877e859e61628e1d36134d",
      "Length": 57,
      "update_at": "2025-12-03T19:22:23.000Z"
    },
    {
      "shortPath": "l2/collabMessagesAdd.less",
      "versionRef": "ad9dcc31e4a20f64fe1be8edde122643d649cda1",
      "Length": 5015,
      "update_at": "2025-12-03T19:22:24.000Z"
    },
    {
      "shortPath": "l2/collabMessagesAdd.test.ts",
      "versionRef": "d6b6d5d2e0614e53dc876e31e5c30e2f636f6339",
      "Length": 259,
      "update_at": "2025-12-03T19:22:24.000Z"
    },
    {
      "shortPath": "l2/collabMessagesAdd.ts",
      "versionRef": "fd54d8cff2e9d0cac4b8b9f591964563b2f3ca5b",
      "Length": 24838,
      "update_at": "2026-01-13T14:40:56.000Z"
    },
    {
      "shortPath": "l2/collabMessagesAddParticipant.defs.ts",
      "versionRef": "b8a12f039109fd1078e2be8abeabd28855e1b1da",
      "Length": 102,
      "update_at": "2025-12-03T19:22:19.000Z"
    },
    {
      "shortPath": "l2/collabMessagesAddParticipant.html",
      "versionRef": "b19cb26711077fe559931da8c903d8335d0857e7",
      "Length": 81,
      "update_at": "2025-12-03T19:22:19.000Z"
    },
    {
      "shortPath": "l2/collabMessagesAddParticipant.less",
      "versionRef": "dc5d677e8f678b396e3d70ed103d811d62a7a9fb",
      "Length": 2566,
      "update_at": "2025-12-03T19:22:20.000Z"
    },
    {
      "shortPath": "l2/collabMessagesAddParticipant.test.ts",
      "versionRef": "b62f7b9e810c3e8e5c7257da7635d005ea10a021",
      "Length": 270,
      "update_at": "2025-12-03T19:22:21.000Z"
    },
    {
      "shortPath": "l2/collabMessagesAddParticipant.ts",
      "versionRef": "6db089450ae6d267e1a83791cd64a076c4e27e6d",
      "Length": 8889,
      "update_at": "2025-12-04T14:17:55.000Z"
    },
    {
      "shortPath": "l2/collabMessagesApps.defs.ts",
      "versionRef": "7ec2ab479ff506f7979c77a263de4d274b8c4972",
      "Length": 92,
      "update_at": "2025-12-18T14:06:07.000Z"
    },
    {
      "shortPath": "l2/collabMessagesApps.html",
      "versionRef": "ffa6044ccfac2fd6e6e3ba17b4f46b14f68cfc60",
      "Length": 27,
      "update_at": "2025-12-18T14:06:08.000Z"
    },
    {
      "shortPath": "l2/collabMessagesApps.less",
      "versionRef": "c777d666e2e5bd857459f2781c3b6e05004ed26a",
      "Length": 405,
      "update_at": "2025-12-18T14:06:09.000Z"
    },
    {
      "shortPath": "l2/collabMessagesApps.test.ts",
      "versionRef": "e19f15a476f82657cd1ce98007f411a4e9036ddf",
      "Length": 266,
      "update_at": "2025-12-18T14:06:09.000Z"
    },
    {
      "shortPath": "l2/collabMessagesApps.ts",
      "versionRef": "32cc911aeb6cc747b423419430fd37b2be095cb7",
      "Length": 4072,
      "update_at": "2025-12-18T14:06:10.000Z"
    },
    {
      "shortPath": "l2/collabMessagesAppsMenu.defs.ts",
      "versionRef": "97b8b8aa39aba1aec2a16bf90bff840c90f5b0a7",
      "Length": 96,
      "update_at": "2025-12-18T14:06:04.000Z"
    },
    {
      "shortPath": "l2/collabMessagesAppsMenu.html",
      "versionRef": "416176087226c47f19a26013fdfbd5a49cc0a502",
      "Length": 69,
      "update_at": "2025-12-18T14:06:04.000Z"
    },
    {
      "shortPath": "l2/collabMessagesAppsMenu.less",
      "versionRef": "472e86bbf0d871b0275b450cde9d3d9af9cc0514",
      "Length": 3236,
      "update_at": "2025-12-18T14:06:05.000Z"
    },
    {
      "shortPath": "l2/collabMessagesAppsMenu.test.ts",
      "versionRef": "693672d89576099fad2d844d1e2c9eb00317bc94",
      "Length": 270,
      "update_at": "2025-12-18T14:06:06.000Z"
    },
    {
      "shortPath": "l2/collabMessagesAppsMenu.ts",
      "versionRef": "f3791088e08b7b0ec4ba6e2ccf131fc841e5a8e8",
      "Length": 7068,
      "update_at": "2025-12-18T14:06:07.000Z"
    },
    {
      "shortPath": "l2/collabMessagesAvatar.defs.ts",
      "versionRef": "7b35d2e2631ba38641d265a61cd10f40bc2c5a19",
      "Length": 94,
      "update_at": "2025-12-03T19:22:26.000Z"
    },
    {
      "shortPath": "l2/collabMessagesAvatar.html",
      "versionRef": "9659eab9af7ba5e88f173b257597cd8da871f648",
      "Length": 63,
      "update_at": "2025-12-03T19:22:27.000Z"
    },
    {
      "shortPath": "l2/collabMessagesAvatar.less",
      "versionRef": "d9e4729ffdfcf5a336e238341fa3fa0bc2d6e919",
      "Length": 1148,
      "update_at": "2025-12-03T19:22:27.000Z"
    },
    {
      "shortPath": "l2/collabMessagesAvatar.test.ts",
      "versionRef": "a2ab341cbab0f4f60b9a97e3c405ca3d8ba7c4af",
      "Length": 262,
      "update_at": "2025-12-03T19:22:28.000Z"
    },
    {
      "shortPath": "l2/collabMessagesAvatar.ts",
      "versionRef": "380d539efc82940a5ff8b0edbb44ec66b8e8d7b7",
      "Length": 1284,
      "update_at": "2025-12-04T14:17:57.000Z"
    },
    {
      "shortPath": "l2/collabMessagesChangeAvatar.defs.ts",
      "versionRef": "f377f39971bfa3213de3d8b1b3f6a588bd57bece",
      "Length": 100,
      "update_at": "2025-12-03T19:22:30.000Z"
    },
    {
      "shortPath": "l2/collabMessagesChangeAvatar.html",
      "versionRef": "164d9ba208fcbd448227292112807558cbe0967f",
      "Length": 35,
      "update_at": "2025-12-03T19:22:30.000Z"
    },
    {
      "shortPath": "l2/collabMessagesChangeAvatar.less",
      "versionRef": "63ca41e0517f2a212eb95582e1707e596a0e432d",
      "Length": 2826,
      "update_at": "2025-12-03T19:22:31.000Z"
    },
    {
      "shortPath": "l2/collabMessagesChangeAvatar.test.ts",
      "versionRef": "32d5fa1c2cb6afb5a6dacd948772135329ab64e5",
      "Length": 268,
      "update_at": "2025-12-03T19:22:32.000Z"
    },
    {
      "shortPath": "l2/collabMessagesChangeAvatar.ts",
      "versionRef": "3055e10482a2eb04fae899a28a093b4ade74fafe",
      "Length": 5889,
      "update_at": "2026-01-13T14:40:57.000Z"
    },
    {
      "shortPath": "l2/collabMessagesChat.defs.ts",
      "versionRef": "cbaa717d24767997a6025bcca49f48bd2fcdb2b7",
      "Length": 92,
      "update_at": "2025-12-03T19:22:33.000Z"
    },
    {
      "shortPath": "l2/collabMessagesChat.html",
      "versionRef": "4d6e9fa2c0b1f76996c9b298396f46f92f7d4c70",
      "Length": 27,
      "update_at": "2025-12-03T19:22:34.000Z"
    },
    {
      "shortPath": "l2/collabMessagesChat.less",
      "versionRef": "b381806c684fd101a3db65b6250ce05923700762",
      "Length": 14563,
      "update_at": "2026-01-19T21:00:13.000Z"
    },
    {
      "shortPath": "l2/collabMessagesChat.test.ts",
      "versionRef": "741e4725b953e884f9a9b6212e591c458c4524f1",
      "Length": 260,
      "update_at": "2025-12-03T19:22:35.000Z"
    },
    {
      "shortPath": "l2/collabMessagesChat.ts",
      "versionRef": "20204a0bb39f6e00694ae69a59d970272fd1d603",
      "Length": 81195,
      "update_at": "2026-01-28T11:53:59.000Z"
    },
    {
      "shortPath": "l2/collabMessagesEmojis.defs.ts",
      "versionRef": "860b36e9bcc254cc874f31a4e8a255a0b38b401e",
      "Length": 94,
      "update_at": "2025-12-03T19:22:37.000Z"
    },
    {
      "shortPath": "l2/collabMessagesEmojis.html",
      "versionRef": "a0047430edc3904b070b9f7551468d115d1cad32",
      "Length": 29,
      "update_at": "2025-12-03T19:22:37.000Z"
    },
    {
      "shortPath": "l2/collabMessagesEmojis.less",
      "versionRef": "8c9f2f259e68ea567ec358044737ac8fbf5b5f0b",
      "Length": 161,
      "update_at": "2025-12-03T19:22:38.000Z"
    },
    {
      "shortPath": "l2/collabMessagesEmojis.test.ts",
      "versionRef": "ac05e8dd75bfe7ebf0f45e5127d725c95ee75b49",
      "Length": 262,
      "update_at": "2025-12-03T19:22:39.000Z"
    },
    {
      "shortPath": "l2/collabMessagesEmojis.ts",
      "versionRef": "741591dbd16ad753bc490be7ac58d3e98b819848",
      "Length": 9070,
      "update_at": "2025-12-03T19:22:39.000Z"
    },
    {
      "shortPath": "l2/collabMessagesFilter.defs.ts",
      "versionRef": "9f5d688f213acb7dd715b3d7de76dbbd8a937ee5",
      "Length": 94,
      "update_at": "2025-12-03T19:22:40.000Z"
    },
    {
      "shortPath": "l2/collabMessagesFilter.html",
      "versionRef": "d96bbb22e44c884c0acabb1e9d03e1c556627c86",
      "Length": 63,
      "update_at": "2025-12-03T19:22:41.000Z"
    },
    {
      "shortPath": "l2/collabMessagesFilter.less",
      "versionRef": "36e7f881a8568c709c6f71adff14e7c1cd348c20",
      "Length": 1708,
      "update_at": "2025-12-03T19:22:42.000Z"
    },
    {
      "shortPath": "l2/collabMessagesFilter.test.ts",
      "versionRef": "99556f14b8f240300f266c584570721261dbb159",
      "Length": 262,
      "update_at": "2025-12-03T19:22:42.000Z"
    },
    {
      "shortPath": "l2/collabMessagesFilter.ts",
      "versionRef": "7e5048bf4ad16015c440a85df74f1aed89498634",
      "Length": 1966,
      "update_at": "2025-12-17T21:13:34.000Z"
    },
    {
      "shortPath": "l2/collabMessagesFindtask.defs.ts",
      "versionRef": "64e8c2d049de02229a3a87ddc0b599282092085e",
      "Length": 96,
      "update_at": "2025-12-03T19:22:44.000Z"
    },
    {
      "shortPath": "l2/collabMessagesFindtask.html",
      "versionRef": "332a9d7bbdef63e6755b88a7b202f6dd1f354b22",
      "Length": 67,
      "update_at": "2025-12-03T19:22:45.000Z"
    },
    {
      "shortPath": "l2/collabMessagesFindtask.less",
      "versionRef": "c5b02750da480b39c17e1f96894190fcc0c79b4e",
      "Length": 1671,
      "update_at": "2025-12-03T19:22:45.000Z"
    },
    {
      "shortPath": "l2/collabMessagesFindtask.test.ts",
      "versionRef": "5cdf68e59f7769900b0ae248ea3a35a1c9ce69c3",
      "Length": 264,
      "update_at": "2025-12-03T19:22:46.000Z"
    },
    {
      "shortPath": "l2/collabMessagesFindtask.ts",
      "versionRef": "d6a2b6e780f53dd99e05dba1b90d2a8d14ed8cd3",
      "Length": 3484,
      "update_at": "2025-12-04T14:18:01.000Z"
    },
    {
      "shortPath": "l2/collabMessagesHelper.defs.ts",
      "versionRef": "f32f95e5f0e1f6b0c0db2f96e6b716999fbbccf1",
      "Length": 94,
      "update_at": "2025-12-03T19:22:47.000Z"
    },
    {
      "shortPath": "l2/collabMessagesHelper.html",
      "versionRef": "b840005b47e257e2f2cc97aaea9a6f0df4d215bc",
      "Length": 29,
      "update_at": "2025-12-03T19:22:48.000Z"
    },
    {
      "shortPath": "l2/collabMessagesHelper.less",
      "versionRef": "2f41111a4728130509a5d21e096d428e5c6c098d",
      "Length": 161,
      "update_at": "2025-12-03T19:22:49.000Z"
    },
    {
      "shortPath": "l2/collabMessagesHelper.test.ts",
      "versionRef": "1042f356d6e94bd768ad972802e6bf1b0e966347",
      "Length": 262,
      "update_at": "2025-12-03T19:22:49.000Z"
    },
    {
      "shortPath": "l2/collabMessagesHelper.ts",
      "versionRef": "f6b5b86c85078ecf9dd09911172798fd4e46871b",
      "Length": 12757,
      "update_at": "2026-01-13T14:41:01.000Z"
    },
    {
      "shortPath": "l2/collabMessagesIcons.defs.ts",
      "versionRef": "c030d67c1c7f8fb01409dafda2dd23f25d48336b",
      "Length": 93,
      "update_at": "2025-12-03T19:22:51.000Z"
    },
    {
      "shortPath": "l2/collabMessagesIcons.html",
      "versionRef": "3f7a6b964fb9477c38b0efe79381ba55dffcb4f4",
      "Length": 28,
      "update_at": "2025-12-03T19:22:52.000Z"
    },
    {
      "shortPath": "l2/collabMessagesIcons.less",
      "versionRef": "9ec79f656679a68ee61469e7c6451cc5af3049bd",
      "Length": 159,
      "update_at": "2025-12-03T19:22:52.000Z"
    },
    {
      "shortPath": "l2/collabMessagesIcons.test.ts",
      "versionRef": "664afaf5a74838b77e5d7f7dca739d694b14a322",
      "Length": 261,
      "update_at": "2025-12-03T19:22:53.000Z"
    },
    {
      "shortPath": "l2/collabMessagesIcons.ts",
      "versionRef": "19588beac3601c43eea661be7df10fc67d031ebe",
      "Length": 20628,
      "update_at": "2025-12-03T19:22:54.000Z"
    },
    {
      "shortPath": "l2/collabMessagesIndexedDB.defs.ts",
      "versionRef": "8256ff6f35edf12a95e34185c7dc9333f98e46ea",
      "Length": 97,
      "update_at": "2025-12-03T19:22:54.000Z"
    },
    {
      "shortPath": "l2/collabMessagesIndexedDB.html",
      "versionRef": "3683892b56b3f4d460104cfc7240305faca34955",
      "Length": 32,
      "update_at": "2025-12-03T19:22:55.000Z"
    },
    {
      "shortPath": "l2/collabMessagesIndexedDB.less",
      "versionRef": "cb6f138a42e884ad68c3cecf607fa54f076328c7",
      "Length": 169,
      "update_at": "2025-12-03T19:22:56.000Z"
    },
    {
      "shortPath": "l2/collabMessagesIndexedDB.test.ts",
      "versionRef": "087f426146d9ba02dea4ded4ca6823e7ae8cb1ae",
      "Length": 265,
      "update_at": "2025-12-03T19:22:56.000Z"
    },
    {
      "shortPath": "l2/collabMessagesIndexedDB.ts",
      "versionRef": "931e6aae4e8038a6238dc4798d3ad382bd690209",
      "Length": 21100,
      "update_at": "2026-01-19T21:00:15.000Z"
    },
    {
      "shortPath": "l2/collabMessagesInputTag.defs.ts",
      "versionRef": "b2ef3b4472ac9e2574580d3eb3f11af7ee228f51",
      "Length": 96,
      "update_at": "2025-12-03T19:22:58.000Z"
    },
    {
      "shortPath": "l2/collabMessagesInputTag.html",
      "versionRef": "d80768d3b67d04af4b6f954ec77f9112312a0c26",
      "Length": 69,
      "update_at": "2025-12-03T19:22:59.000Z"
    },
    {
      "shortPath": "l2/collabMessagesInputTag.less",
      "versionRef": "75c6fe24e1ea4708f5f1a54cce007e92f23ae19f",
      "Length": 2468,
      "update_at": "2025-12-03T19:22:59.000Z"
    },
    {
      "shortPath": "l2/collabMessagesInputTag.test.ts",
      "versionRef": "822666d075a65f652663817689d9dab80b1f71dc",
      "Length": 264,
      "update_at": "2025-12-03T19:23:00.000Z"
    },
    {
      "shortPath": "l2/collabMessagesInputTag.ts",
      "versionRef": "cfc5daf11ecf8d566a771c7d7587da25cd4e498b",
      "Length": 4335,
      "update_at": "2025-12-04T14:18:04.000Z"
    },
    {
      "shortPath": "l2/collabMessagesMoments.defs.ts",
      "versionRef": "11affbc29d126a6078068bfa5b8b52de816bfcd9",
      "Length": 95,
      "update_at": "2025-12-18T14:06:11.000Z"
    },
    {
      "shortPath": "l2/collabMessagesMoments.html",
      "versionRef": "3f2b85a9384cca5779420a16f98deba91f4b5478",
      "Length": 30,
      "update_at": "2025-12-18T14:06:12.000Z"
    },
    {
      "shortPath": "l2/collabMessagesMoments.less",
      "versionRef": "4152e0757a46c81c3e6a8df85aa9f04d568be420",
      "Length": 163,
      "update_at": "2025-12-18T14:06:12.000Z"
    },
    {
      "shortPath": "l2/collabMessagesMoments.test.ts",
      "versionRef": "332efe5f285a160f34ebd80ecfe5bb25c0369b9e",
      "Length": 269,
      "update_at": "2025-12-18T14:06:13.000Z"
    },
    {
      "shortPath": "l2/collabMessagesMoments.ts",
      "versionRef": "fd2d7c468929de19c01f481ce9a3147e5b567aba",
      "Length": 503,
      "update_at": "2025-12-18T14:06:14.000Z"
    },
    {
      "shortPath": "l2/collabMessagesPrompt.defs.ts",
      "versionRef": "d90090ff55971e11d416d5e46624023131dbddbc",
      "Length": 94,
      "update_at": "2025-12-03T19:23:01.000Z"
    },
    {
      "shortPath": "l2/collabMessagesPrompt.html",
      "versionRef": "2571bc77a7fa2dd1aa0808c5098a494e91c9ea10",
      "Length": 63,
      "update_at": "2025-12-03T19:23:02.000Z"
    },
    {
      "shortPath": "l2/collabMessagesPrompt.less",
      "versionRef": "472005286691e0b19dec6f14aabe53e1a1709d1b",
      "Length": 3171,
      "update_at": "2025-12-03T19:23:03.000Z"
    },
    {
      "shortPath": "l2/collabMessagesPrompt.test.ts",
      "versionRef": "e4a5e7d62522e0726e0b22240410a9f761be1e15",
      "Length": 262,
      "update_at": "2025-12-03T19:23:03.000Z"
    },
    {
      "shortPath": "l2/collabMessagesPrompt.ts",
      "versionRef": "73a8f77603f503ef4ceb4af1e8f8717862d5132a",
      "Length": 17766,
      "update_at": "2025-12-05T14:08:24.000Z"
    },
    {
      "shortPath": "l2/collabMessagesRichPreview.defs.ts",
      "versionRef": "607bafa7068bf5a885529263c3a71472ce042b73",
      "Length": 99,
      "update_at": "2025-12-03T19:23:05.000Z"
    },
    {
      "shortPath": "l2/collabMessagesRichPreview.html",
      "versionRef": "e303590ac8976f2a6f62d2790a0196e98f41d0aa",
      "Length": 75,
      "update_at": "2025-12-03T19:23:05.000Z"
    },
    {
      "shortPath": "l2/collabMessagesRichPreview.less",
      "versionRef": "9d2c1463c91c2789132f1a13fbb8d6fe26d66c31",
      "Length": 5003,
      "update_at": "2025-12-03T19:23:06.000Z"
    },
    {
      "shortPath": "l2/collabMessagesRichPreview.test.ts",
      "versionRef": "ee307b07b2aa002a98d7fc9ddcf4be7293d61b35",
      "Length": 267,
      "update_at": "2025-12-03T19:23:07.000Z"
    },
    {
      "shortPath": "l2/collabMessagesRichPreview.ts",
      "versionRef": "a1ab203c5718ced9c1c336db6d02bc9978c43ceb",
      "Length": 19413,
      "update_at": "2025-12-04T14:18:06.000Z"
    },
    {
      "shortPath": "l2/collabMessagesSettings.defs.ts",
      "versionRef": "8b98f421a1577f47a33cd0a70f556b42bdc05e1e",
      "Length": 96,
      "update_at": "2025-12-03T19:23:08.000Z"
    },
    {
      "shortPath": "l2/collabMessagesSettings.html",
      "versionRef": "e6e0598620dc24ef04f8beea0d79388598992b49",
      "Length": 31,
      "update_at": "2025-12-03T19:23:09.000Z"
    },
    {
      "shortPath": "l2/collabMessagesSettings.less",
      "versionRef": "85439d009798ec8a54716b20b266c02eec00bcb5",
      "Length": 5392,
      "update_at": "2025-12-03T19:23:10.000Z"
    },
    {
      "shortPath": "l2/collabMessagesSettings.test.ts",
      "versionRef": "d80620861b0dce589ae6cac8ed5f122b8b3e1d8d",
      "Length": 264,
      "update_at": "2025-12-03T19:23:10.000Z"
    },
    {
      "shortPath": "l2/collabMessagesSettings.ts",
      "versionRef": "01dd6516f20e59131ae715c50e99687db5796072",
      "Length": 15787,
      "update_at": "2025-12-04T14:18:07.000Z"
    },
    {
      "shortPath": "l2/collabMessagesSyncNotifications.defs.ts",
      "versionRef": "81c9769d65ad69f87ca9fc33828c55c4e1c83aee",
      "Length": 105,
      "update_at": "2025-12-03T19:23:12.000Z"
    },
    {
      "shortPath": "l2/collabMessagesSyncNotifications.html",
      "versionRef": "0397d8aa9024f7bd0ba2a261de4d9249c2b7d37d",
      "Length": 40,
      "update_at": "2025-12-03T19:23:12.000Z"
    },
    {
      "shortPath": "l2/collabMessagesSyncNotifications.less",
      "versionRef": "30a89fe01c6a3a0573e39c8d5661591ff6a3d1be",
      "Length": 184,
      "update_at": "2025-12-03T19:23:13.000Z"
    },
    {
      "shortPath": "l2/collabMessagesSyncNotifications.test.ts",
      "versionRef": "54d42f110b4e023264f8106ebf26a00bd33495b5",
      "Length": 273,
      "update_at": "2025-12-03T19:23:14.000Z"
    },
    {
      "shortPath": "l2/collabMessagesSyncNotifications.ts",
      "versionRef": "f428e826c39bd20adde785701ebf1a59eed53332",
      "Length": 5884,
      "update_at": "2026-01-28T11:54:01.000Z"
    },
    {
      "shortPath": "l2/collabMessagesTask.defs.ts",
      "versionRef": "f731e62d5399bfe447ceaa5e0807549ba0a3f5af",
      "Length": 92,
      "update_at": "2025-12-03T19:23:46.000Z"
    },
    {
      "shortPath": "l2/collabMessagesTask.html",
      "versionRef": "1e36f224a0e76533968c90c281dcbfa7d66abae9",
      "Length": 27,
      "update_at": "2025-12-03T19:23:47.000Z"
    },
    {
      "shortPath": "l2/collabMessagesTask.less",
      "versionRef": "7276ab77966fcdd21322409fd6354ecb572310a7",
      "Length": 4189,
      "update_at": "2026-01-27T18:43:27.000Z"
    },
    {
      "shortPath": "l2/collabMessagesTask.test.ts",
      "versionRef": "35c5a5c25ac45f0b32664c48c8d410d4ae4c5ac4",
      "Length": 260,
      "update_at": "2025-12-03T19:23:48.000Z"
    },
    {
      "shortPath": "l2/collabMessagesTask.ts",
      "versionRef": "c3d6dbe808149cd43894e39aab834d592e03858a",
      "Length": 7076,
      "update_at": "2026-01-27T18:43:28.000Z"
    },
    {
      "shortPath": "l2/collabMessagesTaskDetails.defs.ts",
      "versionRef": "ae1f115d001bafe437639bee655c33fb25913bd4",
      "Length": 99,
      "update_at": "2025-12-03T19:23:15.000Z"
    },
    {
      "shortPath": "l2/collabMessagesTaskDetails.html",
      "versionRef": "3b4a491d37a38fedea256ce5f5a78c44a1b979e4",
      "Length": 75,
      "update_at": "2025-12-03T19:23:16.000Z"
    },
    {
      "shortPath": "l2/collabMessagesTaskDetails.less",
      "versionRef": "0e642e7512b1c52d3492ad759eb76ea97292f6f0",
      "Length": 3126,
      "update_at": "2025-12-03T19:23:16.000Z"
    },
    {
      "shortPath": "l2/collabMessagesTaskDetails.test.ts",
      "versionRef": "3749ae408078bc39fef63137c1177a928134d3fa",
      "Length": 267,
      "update_at": "2025-12-03T19:23:17.000Z"
    },
    {
      "shortPath": "l2/collabMessagesTaskDetails.ts",
      "versionRef": "49cb5644c2f351db8900cf8277fc37b6dce95674",
      "Length": 16999,
      "update_at": "2025-12-04T14:18:10.000Z"
    },
    {
      "shortPath": "l2/collabMessagesTaskInfo.defs.ts",
      "versionRef": "4bb0cd36c2cec47739ad98bd322bb4b4579d9a42",
      "Length": 96,
      "update_at": "2025-12-03T19:23:19.000Z"
    },
    {
      "shortPath": "l2/collabMessagesTaskInfo.html",
      "versionRef": "f2330cfff7f664d8ae9f7f53ac41c6659b73f767",
      "Length": 31,
      "update_at": "2025-12-03T19:23:19.000Z"
    },
    {
      "shortPath": "l2/collabMessagesTaskInfo.less",
      "versionRef": "4bb86c4e73b9feac513cf251abef3495d4c51f62",
      "Length": 1327,
      "update_at": "2025-12-03T19:23:20.000Z"
    },
    {
      "shortPath": "l2/collabMessagesTaskInfo.test.ts",
      "versionRef": "3b3157ebedee47f166cdaa8acd56bf825b6d741c",
      "Length": 264,
      "update_at": "2025-12-03T19:23:21.000Z"
    },
    {
      "shortPath": "l2/collabMessagesTaskInfo.ts",
      "versionRef": "d5e15e38d6cea5e134927e186158dd8b8bfabb79",
      "Length": 7290,
      "update_at": "2025-12-05T14:08:25.000Z"
    },
    {
      "shortPath": "l2/collabMessagesTaskLogPreview.defs.ts",
      "versionRef": "556719a0e1a4571a13d0979a885513d33ed31290",
      "Length": 102,
      "update_at": "2025-12-03T19:23:22.000Z"
    },
    {
      "shortPath": "l2/collabMessagesTaskLogPreview.html",
      "versionRef": "a69253af2689f4a20bd061b28d6d44ebee9cb7f7",
      "Length": 37,
      "update_at": "2025-12-03T19:23:23.000Z"
    },
    {
      "shortPath": "l2/collabMessagesTaskLogPreview.less",
      "versionRef": "2edeada0d232bc9fe15d56b7b4cfed93f96935e5",
      "Length": 180,
      "update_at": "2025-12-03T19:23:24.000Z"
    },
    {
      "shortPath": "l2/collabMessagesTaskLogPreview.test.ts",
      "versionRef": "443e1963bf4e366711770ba9b346bcc1470d1f49",
      "Length": 270,
      "update_at": "2025-12-03T19:23:24.000Z"
    },
    {
      "shortPath": "l2/collabMessagesTaskLogPreview.ts",
      "versionRef": "e36e7552f2f25f8852cf7cf60cd7dc8839113290",
      "Length": 2205,
      "update_at": "2026-01-23T18:21:04.000Z"
    },
    {
      "shortPath": "l2/collabMessagesTaskPreview.defs.ts",
      "versionRef": "661b448535aaa4bd8c585b2cea0014e1ef98fb28",
      "Length": 99,
      "update_at": "2025-12-03T19:23:43.000Z"
    },
    {
      "shortPath": "l2/collabMessagesTaskPreview.html",
      "versionRef": "021cf5f69faf428c77dee90d82e78a5ee9ca839b",
      "Length": 34,
      "update_at": "2025-12-03T19:23:44.000Z"
    },
    {
      "shortPath": "l2/collabMessagesTaskPreview.less",
      "versionRef": "0ed1c4bcda596c7f6ca800ebe536b95ca734109d",
      "Length": 2455,
      "update_at": "2025-12-03T19:23:44.000Z"
    },
    {
      "shortPath": "l2/collabMessagesTaskPreview.test.ts",
      "versionRef": "5e89ec4226dd5e043606c6e6ef0ccd51aee1a5c8",
      "Length": 267,
      "update_at": "2025-12-03T19:23:45.000Z"
    },
    {
      "shortPath": "l2/collabMessagesTaskPreview.ts",
      "versionRef": "2113f9684cde697e3240db7ff44d7847c3ed054f",
      "Length": 32723,
      "update_at": "2025-12-04T14:18:14.000Z"
    },
    {
      "shortPath": "l2/collabMessagesTaskPreviewAgent.defs.ts",
      "versionRef": "732e5ddb994bf51f36101683037ce8c0441fcf5e",
      "Length": 104,
      "update_at": "2025-12-03T19:23:26.000Z"
    },
    {
      "shortPath": "l2/collabMessagesTaskPreviewAgent.html",
      "versionRef": "7a67572bdc81e4a5a14ad7df931e6670681106f0",
      "Length": 39,
      "update_at": "2025-12-03T19:23:26.000Z"
    },
    {
      "shortPath": "l2/collabMessagesTaskPreviewAgent.less",
      "versionRef": "aaeef9f4107c84b73675b604f87762429caac700",
      "Length": 4789,
      "update_at": "2025-12-03T19:23:27.000Z"
    },
    {
      "shortPath": "l2/collabMessagesTaskPreviewAgent.test.ts",
      "versionRef": "67d5420c9b72cf9962d4785d462a379ebf1ec325",
      "Length": 272,
      "update_at": "2025-12-03T19:23:28.000Z"
    },
    {
      "shortPath": "l2/collabMessagesTaskPreviewAgent.ts",
      "versionRef": "6cbe3fda57207f0f37896388ab62108433af90c4",
      "Length": 12208,
      "update_at": "2026-01-13T14:41:02.000Z"
    },
    {
      "shortPath": "l2/collabMessagesTaskPreviewClarification.defs.ts",
      "versionRef": "745320c0d09dba1480e38f8c402a269a361051b1",
      "Length": 112,
      "update_at": "2025-12-03T19:23:29.000Z"
    },
    {
      "shortPath": "l2/collabMessagesTaskPreviewClarification.html",
      "versionRef": "297c9c13feab40af72110b3591e50e6b5b43ee36",
      "Length": 47,
      "update_at": "2025-12-03T19:23:30.000Z"
    },
    {
      "shortPath": "l2/collabMessagesTaskPreviewClarification.less",
      "versionRef": "5fee3836f6d6e12956979604a0995b0c3e1e1fe0",
      "Length": 5047,
      "update_at": "2025-12-03T19:23:30.000Z"
    },
    {
      "shortPath": "l2/collabMessagesTaskPreviewClarification.test.ts",
      "versionRef": "258e346ff0bb81b40260559a4c2e2b5a00bc1986",
      "Length": 280,
      "update_at": "2025-12-03T19:23:31.000Z"
    },
    {
      "shortPath": "l2/collabMessagesTaskPreviewClarification.ts",
      "versionRef": "c9b80a6114f2ace18924edbee472c5936cd5e7ba",
      "Length": 7608,
      "update_at": "2026-01-13T14:41:03.000Z"
    },
    {
      "shortPath": "l2/collabMessagesTaskPreviewFlexible.defs.ts",
      "versionRef": "5f86c50dd04f0663da3988faf3bdbbceb5d4c22c",
      "Length": 107,
      "update_at": "2025-12-03T19:23:32.000Z"
    },
    {
      "shortPath": "l2/collabMessagesTaskPreviewFlexible.html",
      "versionRef": "5e41b804b5658b9ae97b9762a434f915450b665b",
      "Length": 42,
      "update_at": "2025-12-03T19:23:33.000Z"
    },
    {
      "shortPath": "l2/collabMessagesTaskPreviewFlexible.less",
      "versionRef": "eb3a9c977b8cee15ca78e5462b424b0081fb06a6",
      "Length": 5038,
      "update_at": "2025-12-03T19:23:34.000Z"
    },
    {
      "shortPath": "l2/collabMessagesTaskPreviewFlexible.test.ts",
      "versionRef": "180e239fc7be7df9e56008fbc527c28ef3bcef59",
      "Length": 275,
      "update_at": "2025-12-03T19:23:35.000Z"
    },
    {
      "shortPath": "l2/collabMessagesTaskPreviewFlexible.ts",
      "versionRef": "e3f284ef8d6ae0eddc94a41e1214f4c436b7d3d1",
      "Length": 6378,
      "update_at": "2025-12-04T14:18:17.000Z"
    },
    {
      "shortPath": "l2/collabMessagesTaskPreviewResult.defs.ts",
      "versionRef": "308d9777ae1ba7866308da05694194af31685b15",
      "Length": 105,
      "update_at": "2025-12-03T19:23:36.000Z"
    },
    {
      "shortPath": "l2/collabMessagesTaskPreviewResult.html",
      "versionRef": "12f0d1b23e191e3f33e41e5652cc7f80df79359c",
      "Length": 40,
      "update_at": "2025-12-03T19:23:37.000Z"
    },
    {
      "shortPath": "l2/collabMessagesTaskPreviewResult.less",
      "versionRef": "5d2dbfa97716e2f3bf43813a8e96a342b1f9747a",
      "Length": 5033,
      "update_at": "2025-12-03T19:23:37.000Z"
    },
    {
      "shortPath": "l2/collabMessagesTaskPreviewResult.test.ts",
      "versionRef": "1685bbcddf8cd1b72b2dd5adc79405dede2cd9a6",
      "Length": 273,
      "update_at": "2025-12-03T19:23:38.000Z"
    },
    {
      "shortPath": "l2/collabMessagesTaskPreviewResult.ts",
      "versionRef": "d7e23f273d090336cc4399ec767764fc85028e92",
      "Length": 4937,
      "update_at": "2025-12-04T14:18:19.000Z"
    },
    {
      "shortPath": "l2/collabMessagesTaskPreviewTools.defs.ts",
      "versionRef": "e0fe85ef79d34e4789e66eae1fb81b4ca08f2d7e",
      "Length": 104,
      "update_at": "2025-12-03T19:23:39.000Z"
    },
    {
      "shortPath": "l2/collabMessagesTaskPreviewTools.html",
      "versionRef": "7403fa4f0cad2a36377df31c42b6700c3cf695a2",
      "Length": 39,
      "update_at": "2025-12-03T19:23:40.000Z"
    },
    {
      "shortPath": "l2/collabMessagesTaskPreviewTools.less",
      "versionRef": "9f8e7ebaf545ba476781da214b1d9c42cdddaa28",
      "Length": 5032,
      "update_at": "2025-12-03T19:23:41.000Z"
    },
    {
      "shortPath": "l2/collabMessagesTaskPreviewTools.test.ts",
      "versionRef": "d311e8d467b39faa77c1012f88a113443a833573",
      "Length": 272,
      "update_at": "2025-12-03T19:23:41.000Z"
    },
    {
      "shortPath": "l2/collabMessagesTaskPreviewTools.ts",
      "versionRef": "cce0c4091e71e1384bc067b6fcf3d9ff634c38aa",
      "Length": 5486,
      "update_at": "2025-12-04T14:18:20.000Z"
    },
    {
      "shortPath": "l2/collabMessagesTasks.defs.ts",
      "versionRef": "f546afde67b2542e5aa96d7d1f4db5ccd3e04369",
      "Length": 93,
      "update_at": "2025-12-03T19:23:50.000Z"
    },
    {
      "shortPath": "l2/collabMessagesTasks.html",
      "versionRef": "830e356f7d6c7f5b7bf96e1dad56043dcc6f2e47",
      "Length": 28,
      "update_at": "2025-12-03T19:23:50.000Z"
    },
    {
      "shortPath": "l2/collabMessagesTasks.less",
      "versionRef": "544ff861401f2bfb52de948feee9b931a20fc013",
      "Length": 2221,
      "update_at": "2025-12-03T19:23:51.000Z"
    },
    {
      "shortPath": "l2/collabMessagesTasks.test.ts",
      "versionRef": "4e1c8810382cbdf05394a41b0a8cdb25c9fac938",
      "Length": 261,
      "update_at": "2025-12-03T19:23:52.000Z"
    },
    {
      "shortPath": "l2/collabMessagesTasks.ts",
      "versionRef": "01b2d00e87749a191187c90eadd40de40807e31e",
      "Length": 3766,
      "update_at": "2025-12-04T14:18:21.000Z"
    },
    {
      "shortPath": "l2/collabMessagesTextCode.defs.ts",
      "versionRef": "a48da504efcdcc5c35565fbafc7cd8226332e244",
      "Length": 96,
      "update_at": "2025-12-03T19:23:53.000Z"
    },
    {
      "shortPath": "l2/collabMessagesTextCode.html",
      "versionRef": "41d8d1a0e1bd4a1186c760c7a368a7ae9b824b40",
      "Length": 69,
      "update_at": "2025-12-03T19:23:54.000Z"
    },
    {
      "shortPath": "l2/collabMessagesTextCode.less",
      "versionRef": "0e6fa8d318d789a3dfa9b5b0c7523b48405f52fd",
      "Length": 6018,
      "update_at": "2025-12-03T19:23:54.000Z"
    },
    {
      "shortPath": "l2/collabMessagesTextCode.test.ts",
      "versionRef": "1d7620a68e9d71294afa0834105dabf8011b823f",
      "Length": 264,
      "update_at": "2025-12-03T19:23:55.000Z"
    },
    {
      "shortPath": "l2/collabMessagesTextCode.ts",
      "versionRef": "7566e70165fe54223105279e66463ff522ff1722",
      "Length": 3440,
      "update_at": "2025-12-04T14:18:22.000Z"
    },
    {
      "shortPath": "l2/collabMessagesThreadDetails.defs.ts",
      "versionRef": "54ea53a8444504d8e8f46237fe706afac41b5a8a",
      "Length": 101,
      "update_at": "2025-12-03T19:23:56.000Z"
    },
    {
      "shortPath": "l2/collabMessagesThreadDetails.html",
      "versionRef": "7a39f12b00837f83fb8d45acbef95fa2db2d258e",
      "Length": 79,
      "update_at": "2025-12-03T19:23:57.000Z"
    },
    {
      "shortPath": "l2/collabMessagesThreadDetails.less",
      "versionRef": "698bb5ac299c3ec14d0f5504cab07dd070552190",
      "Length": 5638,
      "update_at": "2025-12-03T19:23:58.000Z"
    },
    {
      "shortPath": "l2/collabMessagesThreadDetails.test.ts",
      "versionRef": "6f72223f8fe1dd5d64ca20402a2d79c127866eb1",
      "Length": 269,
      "update_at": "2025-12-03T19:23:58.000Z"
    },
    {
      "shortPath": "l2/collabMessagesThreadDetails.ts",
      "versionRef": "cac5bb21f8f5c79e420c0ffd31e3e5e7aa3ecd0b",
      "Length": 22765,
      "update_at": "2025-12-04T14:18:23.000Z"
    },
    {
      "shortPath": "l2/collabMessagesThreadModal.defs.ts",
      "versionRef": "f6e1d6aed47514e54aff84b5938b4bada590e15d",
      "Length": 99,
      "update_at": "2025-12-03T19:24:00.000Z"
    },
    {
      "shortPath": "l2/collabMessagesThreadModal.html",
      "versionRef": "0f36c6e37ca095b297b95fac0da2bdc41534c7a0",
      "Length": 75,
      "update_at": "2025-12-03T19:24:00.000Z"
    },
    {
      "shortPath": "l2/collabMessagesThreadModal.less",
      "versionRef": "81235e4effcc9a6bc64c5419806e8f8e66b29046",
      "Length": 2377,
      "update_at": "2025-12-03T19:24:01.000Z"
    },
    {
      "shortPath": "l2/collabMessagesThreadModal.test.ts",
      "versionRef": "c519140d986083bf0a42825e19694bd83e6aa7d9",
      "Length": 267,
      "update_at": "2025-12-03T19:24:02.000Z"
    },
    {
      "shortPath": "l2/collabMessagesThreadModal.ts",
      "versionRef": "5535b4b1449e9248478072e99a76bd6220b53d2c",
      "Length": 4265,
      "update_at": "2025-12-04T14:18:24.000Z"
    },
    {
      "shortPath": "l2/collabMessagesTopics.defs.ts",
      "versionRef": "e1829a7d65db0f75b7a1dc625abea3014b1668e4",
      "Length": 94,
      "update_at": "2025-12-03T19:24:03.000Z"
    },
    {
      "shortPath": "l2/collabMessagesTopics.html",
      "versionRef": "fc9712e05c918d969ee9ba2d17ef7e11ff7aad4b",
      "Length": 63,
      "update_at": "2025-12-03T19:24:04.000Z"
    },
    {
      "shortPath": "l2/collabMessagesTopics.less",
      "versionRef": "58a1cfa7ad6b1f9830065b67621f6d43b5596cca",
      "Length": 1297,
      "update_at": "2025-12-03T19:24:05.000Z"
    },
    {
      "shortPath": "l2/collabMessagesTopics.test.ts",
      "versionRef": "73e31107c2385e6c240511446a1b4e68f468c787",
      "Length": 262,
      "update_at": "2025-12-03T19:24:05.000Z"
    },
    {
      "shortPath": "l2/collabMessagesTopics.ts",
      "versionRef": "f11cb1f8c05a35de40a5e77375e2c370d13bd33a",
      "Length": 4509,
      "update_at": "2025-12-04T14:18:25.000Z"
    },
    {
      "shortPath": "l2/collabMessagesUserModal.defs.ts",
      "versionRef": "c3c84e3d0d40bfa8a6c403910261ffa870a61b28",
      "Length": 97,
      "update_at": "2025-12-03T19:24:07.000Z"
    },
    {
      "shortPath": "l2/collabMessagesUserModal.html",
      "versionRef": "e7c0691b46841133386cfbe687fd979a61b3ee45",
      "Length": 71,
      "update_at": "2025-12-03T19:24:07.000Z"
    },
    {
      "shortPath": "l2/collabMessagesUserModal.less",
      "versionRef": "22e346c91d3d55a4ff892ed0ef9529fc7424c093",
      "Length": 2321,
      "update_at": "2025-12-03T19:24:08.000Z"
    },
    {
      "shortPath": "l2/collabMessagesUserModal.test.ts",
      "versionRef": "98318b188c941ee142b35ef1f5d141a652963f1e",
      "Length": 265,
      "update_at": "2025-12-03T19:24:09.000Z"
    },
    {
      "shortPath": "l2/collabMessagesUserModal.ts",
      "versionRef": "67cc5e9971d1000825842e19560cc9af00749a01",
      "Length": 4200,
      "update_at": "2025-12-04T14:18:27.000Z"
    },
    {
      "shortPath": "l2/designSystem.defs.ts",
      "versionRef": "b35ae3e11e8795bceda019ad93afdc920a03afa7",
      "Length": 86,
      "update_at": "2025-12-01T14:48:31.000Z"
    },
    {
      "shortPath": "l2/designSystem.html",
      "versionRef": "407e94c1cf19a0a3117d9d391bd2a1dcb58b4471",
      "Length": 21,
      "update_at": "2025-12-01T14:48:32.000Z"
    },
    {
      "shortPath": "l2/designSystem.less",
      "versionRef": "ad7568214746d3407c505b39ffac5424535b7773",
      "Length": 144,
      "update_at": "2025-12-01T14:48:33.000Z"
    },
    {
      "shortPath": "l2/designSystem.test.ts",
      "versionRef": "c1d0f203f9ba4a8f9e0947a85c62eed3bf32d480",
      "Length": 254,
      "update_at": "2025-12-01T14:48:34.000Z"
    },
    {
      "shortPath": "l2/designSystem.ts",
      "versionRef": "7787b1a252529e9f925e3154c3645cbbe36e6031",
      "Length": 16181,
      "update_at": "2025-12-05T14:08:27.000Z"
    },
    {
      "shortPath": "l2/project.defs.ts",
      "versionRef": "816271db20a02131c7a5feb07b02a0dac389d502",
      "Length": 81,
      "update_at": "2025-12-01T14:48:35.000Z"
    },
    {
      "shortPath": "l2/project.html",
      "versionRef": "88a90cf32ef33346febb29387541246b1be9a2e0",
      "Length": 16,
      "update_at": "2025-12-01T14:48:36.000Z"
    },
    {
      "shortPath": "l2/project.less",
      "versionRef": "ef290f443d5caac7e6fecd6f624add1692ccc93c",
      "Length": 133,
      "update_at": "2025-12-01T14:48:37.000Z"
    },
    {
      "shortPath": "l2/project.test.ts",
      "versionRef": "42c135084d91f70ad35ab23371d5474b90cf1c8c",
      "Length": 249,
      "update_at": "2025-12-01T14:48:37.000Z"
    },
    {
      "shortPath": "l2/project.ts",
      "versionRef": "12b67fa8d810be1a738b78e9e0e3b166809042bb",
      "Length": 331,
      "update_at": "2025-12-01T14:48:38.000Z"
    },
    {
      "shortPath": "l2/serviceCollabMessages.defs.ts",
      "versionRef": "1de9bbbceeed3e736f663ed6619fd2575de2a395",
      "Length": 95,
      "update_at": "2025-12-03T19:24:10.000Z"
    },
    {
      "shortPath": "l2/serviceCollabMessages.html",
      "versionRef": "94f8495f6347a1694dab4e77b33df202455aa291",
      "Length": 30,
      "update_at": "2025-12-03T19:24:11.000Z"
    },
    {
      "shortPath": "l2/serviceCollabMessages.less",
      "versionRef": "46537c8261fa81461db9ca2a081837f987f5459e",
      "Length": 1242,
      "update_at": "2025-12-03T19:24:12.000Z"
    },
    {
      "shortPath": "l2/serviceCollabMessages.test.ts",
      "versionRef": "73146b871aae89e79bef64a8f3ac61b626612781",
      "Length": 263,
      "update_at": "2025-12-03T19:24:12.000Z"
    },
    {
      "shortPath": "l2/serviceCollabMessages.ts",
      "versionRef": "098a4cc9b9e025a38b8be8cdaa83b72f24334de7",
      "Length": 18720,
      "update_at": "2026-01-27T18:43:29.000Z"
    },
    {
      "shortPath": "l5/project.json",
      "versionRef": "dd83bc42f62f3501e7ace249f2769b1dc75a71c1",
      "Length": 375,
      "update_at": "2025-12-01T14:48:39.000Z"
    },
    {
      "shortPath": "l0/package.json",
      "versionRef": "e258f99d113c767303646c8c6e7b86a73de68c0c",
      "Length": 470,
      "update_at": "2025-12-01T14:47:28.000Z"
    },
    {
      "shortPath": "l0/tsconfig.json",
      "versionRef": "f631a300b5933b05930cd9f4bcd1b72ee38178e4",
      "Length": 1042,
      "update_at": "2025-12-04T19:24:23.000Z"
    }
  ]
}